clients,tps
1,80.148616
4,233.034985
8,320.219519
16,362.223884
