clients,tps
1,80.021751
4,235.226768
8,314.612121
16,357.733417
